Lane,Sample Name,Illumina Index,Custom Barcode Sequence
1,dot1-wce,,CAGATC
1,dot1-IP,,ACTTGA
1,dot1fus3-wce,,GATCAG
1,dot1fus3-IP,,TAGCTT
1,dot1tda1-wce,,GGCTAC
1,dot1tda1-IP,,CTTGTA
2,dot1-wce,,CAGATC
2,dot1-IP,,ACTTGA
2,dot1fus3-wce,,GATCAG
2,dot1fus3-IP,,TAGCTT
2,dot1tda1-wce,,GGCTAC
2,dot1tda1-IP,,CTTGTA
3,WT-wce,,ATCACG
3,WT-IP,,CGATGT
3,K79A-wce,,TTAGGC
3,K79A-IP,,TGACCA
3,K79R-wce,,ACAGTG
3,K79R-IP,,GCCAAT
4,WT-wce,,ATCACG
4,WT-IP,,CGATGT
4,K79A-wce,,TTAGGC
4,K79A-IP,,TGACCA
4,K79R-wce,,ACAGTG
4,K79R-IP,,GCCAAT
5,T80A-wce,,CAGATC
5,T80A-IP,,ACTTGA
5,T80D-wce,,GATCAG
5,T80D-IP,,TAGCTT
5,T80E-wce,,GGCTAC
5,T80E-IP,,CTTGTA
6,T80A-wce,,CAGATC
6,T80A-IP,,ACTTGA
6,T80D-wce,,GATCAG
6,T80D-IP,,TAGCTT
6,T80E-wce,,GGCTAC
6,T80E-IP,,CTTGTA
7,9.5dpc_HoxB1_IP,,
8,PhiX,,